{
  "hash": "dd59d7d7",
  "configHash": "29c3554b",
  "lockfileHash": "909edc98",
  "browserHash": "cd635530",
  "optimized": {
    "@angular/common": {
      "src": "../../../../../../node_modules/@angular/common/fesm2022/common.mjs",
      "file": "@angular_common.js",
      "fileHash": "77107b8e",
      "needsInterop": false
    },
    "@angular/core": {
      "src": "../../../../../../node_modules/@angular/core/fesm2022/core.mjs",
      "file": "@angular_core.js",
      "fileHash": "39a9e2b3",
      "needsInterop": false
    },
    "@angular/forms": {
      "src": "../../../../../../node_modules/@angular/forms/fesm2022/forms.mjs",
      "file": "@angular_forms.js",
      "fileHash": "d711b348",
      "needsInterop": false
    },
    "@angular/material/button": {
      "src": "../../../../../../node_modules/@angular/material/fesm2022/button.mjs",
      "file": "@angular_material_button.js",
      "fileHash": "0ec5b522",
      "needsInterop": false
    },
    "@angular/material/core": {
      "src": "../../../../../../node_modules/@angular/material/fesm2022/core.mjs",
      "file": "@angular_material_core.js",
      "fileHash": "a793fd0b",
      "needsInterop": false
    },
    "@angular/material/datepicker": {
      "src": "../../../../../../node_modules/@angular/material/fesm2022/datepicker.mjs",
      "file": "@angular_material_datepicker.js",
      "fileHash": "695162e2",
      "needsInterop": false
    },
    "@angular/material/form-field": {
      "src": "../../../../../../node_modules/@angular/material/fesm2022/form-field.mjs",
      "file": "@angular_material_form-field.js",
      "fileHash": "ac45fe79",
      "needsInterop": false
    },
    "@angular/material/input": {
      "src": "../../../../../../node_modules/@angular/material/fesm2022/input.mjs",
      "file": "@angular_material_input.js",
      "fileHash": "b5623a8e",
      "needsInterop": false
    },
    "@angular/material/select": {
      "src": "../../../../../../node_modules/@angular/material/fesm2022/select.mjs",
      "file": "@angular_material_select.js",
      "fileHash": "d3355e85",
      "needsInterop": false
    },
    "@angular/platform-browser": {
      "src": "../../../../../../node_modules/@angular/platform-browser/fesm2022/platform-browser.mjs",
      "file": "@angular_platform-browser.js",
      "fileHash": "9e648b6f",
      "needsInterop": false
    },
    "@angular/platform-browser/animations": {
      "src": "../../../../../../node_modules/@angular/platform-browser/fesm2022/animations.mjs",
      "file": "@angular_platform-browser_animations.js",
      "fileHash": "baacad59",
      "needsInterop": false
    },
    "@angular/router": {
      "src": "../../../../../../node_modules/@angular/router/fesm2022/router.mjs",
      "file": "@angular_router.js",
      "fileHash": "e636f514",
      "needsInterop": false
    }
  },
  "chunks": {
    "chunk-PHNTLMAO": {
      "file": "chunk-PHNTLMAO.js"
    },
    "chunk-UT3CIJT6": {
      "file": "chunk-UT3CIJT6.js"
    },
    "chunk-WOED66TB": {
      "file": "chunk-WOED66TB.js"
    },
    "chunk-T4EQQY7M": {
      "file": "chunk-T4EQQY7M.js"
    },
    "chunk-NSSX5NIB": {
      "file": "chunk-NSSX5NIB.js"
    },
    "chunk-NAL5OIGY": {
      "file": "chunk-NAL5OIGY.js"
    },
    "chunk-5QJXQMPL": {
      "file": "chunk-5QJXQMPL.js"
    },
    "chunk-SLYRNZY6": {
      "file": "chunk-SLYRNZY6.js"
    },
    "chunk-EXXH5G64": {
      "file": "chunk-EXXH5G64.js"
    },
    "chunk-QURFE6Q4": {
      "file": "chunk-QURFE6Q4.js"
    }
  }
}