{
  "hash": "b2087796",
  "configHash": "dd7e3560",
  "lockfileHash": "909edc98",
  "browserHash": "971b9c51",
  "optimized": {
    "@angular/common": {
      "src": "../../../../../../node_modules/@angular/common/fesm2022/common.mjs",
      "file": "@angular_common.js",
      "fileHash": "372664ba",
      "needsInterop": false
    },
    "@angular/core": {
      "src": "../../../../../../node_modules/@angular/core/fesm2022/core.mjs",
      "file": "@angular_core.js",
      "fileHash": "cf3641d1",
      "needsInterop": false
    },
    "@angular/forms": {
      "src": "../../../../../../node_modules/@angular/forms/fesm2022/forms.mjs",
      "file": "@angular_forms.js",
      "fileHash": "7531253a",
      "needsInterop": false
    },
    "@angular/material/button": {
      "src": "../../../../../../node_modules/@angular/material/fesm2022/button.mjs",
      "file": "@angular_material_button.js",
      "fileHash": "924a04ea",
      "needsInterop": false
    },
    "@angular/material/core": {
      "src": "../../../../../../node_modules/@angular/material/fesm2022/core.mjs",
      "file": "@angular_material_core.js",
      "fileHash": "07952a5e",
      "needsInterop": false
    },
    "@angular/material/datepicker": {
      "src": "../../../../../../node_modules/@angular/material/fesm2022/datepicker.mjs",
      "file": "@angular_material_datepicker.js",
      "fileHash": "d82f0983",
      "needsInterop": false
    },
    "@angular/material/form-field": {
      "src": "../../../../../../node_modules/@angular/material/fesm2022/form-field.mjs",
      "file": "@angular_material_form-field.js",
      "fileHash": "d77abde3",
      "needsInterop": false
    },
    "@angular/material/input": {
      "src": "../../../../../../node_modules/@angular/material/fesm2022/input.mjs",
      "file": "@angular_material_input.js",
      "fileHash": "7fa27b14",
      "needsInterop": false
    },
    "@angular/material/select": {
      "src": "../../../../../../node_modules/@angular/material/fesm2022/select.mjs",
      "file": "@angular_material_select.js",
      "fileHash": "0bb188ba",
      "needsInterop": false
    },
    "@angular/platform-browser": {
      "src": "../../../../../../node_modules/@angular/platform-browser/fesm2022/platform-browser.mjs",
      "file": "@angular_platform-browser.js",
      "fileHash": "99816abe",
      "needsInterop": false
    },
    "@angular/platform-server": {
      "src": "../../../../../../node_modules/@angular/platform-server/fesm2022/platform-server.mjs",
      "file": "@angular_platform-server.js",
      "fileHash": "ef030789",
      "needsInterop": false
    },
    "@angular/router": {
      "src": "../../../../../../node_modules/@angular/router/fesm2022/router.mjs",
      "file": "@angular_router.js",
      "fileHash": "ba7bff67",
      "needsInterop": false
    }
  },
  "chunks": {
    "xhr2-ISERFGGE": {
      "file": "xhr2-ISERFGGE.js"
    },
    "chunk-4QLIS2T5": {
      "file": "chunk-4QLIS2T5.js"
    },
    "chunk-WVUKVWST": {
      "file": "chunk-WVUKVWST.js"
    },
    "chunk-SNFWPHYX": {
      "file": "chunk-SNFWPHYX.js"
    },
    "chunk-EHKH65WR": {
      "file": "chunk-EHKH65WR.js"
    },
    "chunk-L73CAP3D": {
      "file": "chunk-L73CAP3D.js"
    },
    "chunk-TJXNGULE": {
      "file": "chunk-TJXNGULE.js"
    },
    "chunk-QDF2QMUQ": {
      "file": "chunk-QDF2QMUQ.js"
    },
    "chunk-F4JSRFGO": {
      "file": "chunk-F4JSRFGO.js"
    },
    "chunk-2WG5QLMT": {
      "file": "chunk-2WG5QLMT.js"
    },
    "chunk-FB6BDKAH": {
      "file": "chunk-FB6BDKAH.js"
    },
    "chunk-NQ4HTGF6": {
      "file": "chunk-NQ4HTGF6.js"
    }
  }
}